adigas = Srikanth Adiga <srikanth.adiga@gmail.com>
chavanc = chavanc <chavanc>
ganachas = ganachas <ganachas>
gargc = Chitra Garg <gargc>
gaurav_mehta = Gaurav Mehta <gaurav_mehta>
hassann = hassann <hassann>
juberahamad_patel = Juberahamad Patel <juberahamad_patel>
kalantrp = Pavan Kalantri <kalantrp>
kalpana_thakur = Kalpana Thakur <kalpana_thakur>
kamblek = Kunal Kamble <kamblek>
kazim = Mosin Kazi <kazim>
khots = Suhas Khot <khots>
marwahan = Nitesh Marwah <marwaha.nitesh@gmail.com>
mehtag = Gaurav Mehta <mehtag>
nitesh_marwaha = Nitesh Marwaha <nitesh_marwaha>
olarui = Ion Olaru <olarui@mail.nih.gov>
pathik_sheth = Pathik Sheth <pathik_sheth>
pawarv = Vinayak Pawar <pawarv>
psheth = Pathik Sheth <psheth>
pujaria = pujaria <pujaria>
pulkit_kumar = Pulkit Kumar <pulkit_kumar>
rdixit = Rashmi Dixit <rdixit>
rizvis = Syed Rizvi <rizvis>
rukhsana_sameer = Rukhsana Sameer <rukhsana_sameer>
sachin_lale = Sachin Lale <sachin_lale>
sagar_baldwa = Sagar Baldwa <sagar_baldwa>
sbaldwa = Sagar Baldwa <sagar_baldwa>
sharmapr = sharmapr <sharmapr>
sunil_agarwal = Sunil Agarwal <sunil_agarwal>
